product,stock_num,sales_num,actual_cost,selling_price
Pork - Hock And Feet Attached,649,88,207,801
"Wine - Red, Cabernet Sauvignon",725,178,331,760
Bagel - Everything Presliced,703,175,362,944
"Salmon - Atlantic, Skin On",606,197,285,749
Onion - Dried,416,113,312,654
Bread - Sour Sticks With Onion,506,117,388,962
Syrup - Chocolate,706,139,496,930
Numi - Assorted Teas,551,170,167,967
Slt - Individual Portions,744,75,250,791
"Juice - Cranberry, 341 Ml",525,306,324,965
"Lamb - Whole, Frozen",734,79,401,905
Sauce Bbq Smokey,630,290,280,998
Nescafe - Frothy French Vanilla,370,166,455,628
Table Cloth 90x90 Colour,511,144,207,884
Ham - Black Forest,580,294,327,610
Vinegar - White,607,313,404,632
Soap - Hand Soap,369,110,120,861
"Tabasco Sauce, 2 Oz",564,166,293,969
"Trout - Rainbow, Frozen",427,102,361,957
Butter Ripple - Phillips,420,319,255,757
Wine - Malbec Trapiche Reserve,637,111,372,869
"Apple - Delicious, Golden",541,282,353,617
"Mushroom - Trumpet, Dry",408,244,268,735
Apple - Custard,354,69,157,974
Foam Cup 6 Oz,699,154,180,895
Mountain Dew,607,79,377,906
Beer - Steamwhistle,704,284,148,654
Pepper - Green Thai,512,134,270,738
Fish - Bones,385,169,118,902
Beer - Original Organic Lager,595,169,430,743
Gelatine Leaves - Bulk,652,200,450,786
Beef Tenderloin Aaa,417,161,415,844
Juice - Propel Sport,429,239,405,905
Chicken - Whole Roasting,559,301,419,929
Pepperoni Slices,364,218,431,636
"Pasta - Gnocchi, Potato",672,279,438,751
Nestea - Iced Tea,724,93,149,990
Kaffir Lime Leaves,621,316,485,987
Horseradish - Prepared,603,291,319,831
Baking Powder,389,72,431,804
Onions - White,634,320,268,736
Crab - Meat Combo,592,134,463,901
"Pasta - Cannelloni, Sheets, Fresh",366,317,264,763
Potatoes - Idaho 80 Count,376,183,455,908
Leeks - Large,607,149,218,711
Peppercorns - Pink,529,69,212,723
"Brandy - Orange, Mc Guiness",562,305,434,912
"Soup - Campbells, Creamy",456,177,178,764
"Pepper - Green, Chili",498,260,154,996
Juice - Apple Cider,523,102,128,678
"Napkin - Dinner, White",723,264,444,692
Cups 10oz Trans,463,304,322,895
"Quail - Whole, Boneless",505,149,406,922
Tuna - Bluefin,350,260,240,790
Wonton Wrappers,415,229,183,919
Beer - Mcauslan Apricot,579,263,327,828
"Wine - White, Riesling, Henry Of",636,280,244,904
Eel - Smoked,502,132,289,814
Chicken - Tenderloin,522,330,248,752
Pie Shell - 9,373,289,422,663
"Cup - 3.5oz, Foam",539,158,134,937
Wine - Zinfandel California 2002,486,191,394,941
Wine - Barolo Fontanafredda,749,108,461,798
Compound - Rum,584,69,291,907
Sausage - Meat,549,63,446,984
"Pepper - Black, Crushed",460,64,423,903
Hot Choc Vending,645,224,280,671
Lettuce - Boston Bib,716,264,320,915
Bar - Granola Trail Mix Fruit Nut,745,222,381,969
"Mushroom - Shitake, Dry",358,271,151,885
Wonton Wrappers,573,335,379,886
Chicken - Soup Base,368,170,206,709
Table Cloth 72x144 White,633,327,124,757
Onions Granulated,636,88,456,765
Cheese - Colby,458,96,140,662
Beer - Heinekin,404,181,164,729
Oil - Pumpkinseed,453,313,412,663
Veal - Knuckle,659,282,383,819
Juice - Orange 1.89l,739,320,117,741
Coffee - Decaffeinato Coffee,512,137,226,700
Bread - Granary Small Pull,683,260,199,869
"Sauce - Soya, Light",518,79,222,931
Flower - Commercial Spider,549,255,369,649
Beer - Camerons Auburn,378,288,322,778
Basil - Pesto Sauce,561,255,101,625
Tea - Grapefruit Green Tea,740,237,236,713
Mortadella,745,99,482,979
Beets - Pickled,503,222,323,816
"Syrup - Monin, Swiss Choclate",394,184,337,917
Myers Planters Punch,391,231,309,811
"Crab - Dungeness, Whole",373,153,404,673
Container Clear 8 Oz,531,178,491,811
Mushrooms - Honey,702,213,170,816
Beef - Salted,651,159,203,917
Wine - Riesling Dr. Pauly,633,218,384,729
"Vodka - Lemon, Absolut",456,70,391,958
Wine - Sauvignon Blanc,376,299,323,894
"Liqueur Banana, Ramazzotti",398,226,111,622
Durian Fruit,595,196,451,635
Lid Coffee Cup 8oz Blk,588,61,315,795
Scallop - St. Jaques,725,330,108,793
"Veal - Round, Eye Of",711,96,500,643
"Pork - Back, Short Cut, Boneless",711,303,200,714
Clams - Bay,524,163,380,780
Coffee Cup 12oz 5342cd,609,140,217,665
"Beans - Kidney, Red Dry",484,256,107,777
Ecolab - Lime - A - Way 4/4 L,728,274,306,690
Pheasants - Whole,746,170,190,612
Juice - Orangina,557,85,216,738
Wonton Wrappers,524,50,486,926
Chips Potato All Dressed - 43g,492,75,337,639
Sour Puss Raspberry,516,214,297,739
Foam Cup 6 Oz,563,159,145,688
Melon - Cantaloupe,618,82,197,660
"Shrimp - Baby, Cold Water",640,247,152,801
Oil - Pumpkinseed,734,161,373,740
Cauliflower,735,279,452,757
"Pasta - Penne Primavera, Single",581,118,203,617
"Rosemary - Primerba, Paste",569,97,413,626
Pepper - Pablano,448,119,150,944
"Bread - Rolls, Rye",442,287,191,736
Relish,699,245,471,832
Oven Mitt - 13 Inch,503,59,457,753
Sauerkraut,708,291,337,885
Chinese Foods - Cantonese,369,192,468,778
Bread - Crusty Italian Poly,698,106,315,803
Bread Ww Cluster,590,201,274,665
Dc - Frozen Momji,682,290,121,892
Salt - Kosher,602,52,151,972
Table Cloth 54x54 White,533,326,402,926
"Soup - Beef, Base Mix",671,125,131,906
"Syrup - Monin, Irish Cream",553,233,296,784
Nori Sea Weed,549,273,421,653
"Mushroom - Shitake, Dry",470,222,144,748
Ecolab Silver Fusion,742,60,294,641
Lid - 3oz Med Rec,517,241,298,634
Muffin Batt - Choc Chk,603,85,180,894
"Pepsi, 355 Ml",739,245,398,894
V8 - Tropical Blend,684,342,425,803
Gherkin - Sour,708,269,210,838
Foil Wrap,606,118,284,677
Sauce - Vodka Blush,380,169,459,726
"Ham - Smoked, Bone - In",479,210,309,794
"Soup - Cream Of Broccoli, Dry",686,256,231,663
Milk - Chocolate 500ml,481,187,117,682
"Quail - Whole, Bone - In",379,74,314,713
Salami - Genova,367,297,296,769
Vinegar - Rice,595,86,356,681
"Doilies - 8, Paper",698,204,313,682
"Turkey - Whole, Fresh",685,319,431,748
Chocolate - Mi - Amere Semi,609,63,147,703
Foil Wrap,444,348,276,809
Cheese - Brie,354,189,377,686
Sea Bass - Fillets,432,140,142,938
Carbonated Water - Blackberry,531,278,351,681
Amaretto,538,298,470,977
Beef - Ground Lean Fresh,543,308,186,972
Wild Boar - Tenderloin,608,64,113,811
Potatoes - Yukon Gold 5 Oz,685,166,330,923
Foil Wrap,566,165,410,637
Buttons,684,110,293,672
Sea Urchin,623,265,484,937
Juice - V8 Splash,700,100,112,707
Cookie Dough - Oatmeal Rasin,406,145,451,603
Salt And Pepper Mix - Black,708,131,445,638
"Cheese - Brie, Triple Creme",476,318,385,673
Beer - Heinekin,651,298,361,692
Pasta - Ravioli,492,176,439,758
"Pasta - Gnocchi, Potato",421,315,422,849
Edible Flower - Mixed,435,274,316,668
Cookies Oatmeal Raisin,727,328,428,749
Cheese - Bocconcini,654,252,158,720
Onions - Pearl,530,241,394,846
Chinese Foods - Chicken,677,234,337,875
Daves Island Stinger,405,88,180,796
Beef - Top Butt,396,195,346,736
Veal - Eye Of Round,352,338,413,960
Cheese - Augre Des Champs,492,76,105,979
"Lamb - Whole, Fresh",652,213,485,701
Cookie Choc,677,142,369,975
Coffee - French Vanilla Frothy,711,200,476,621
Gatorade - Cool Blue Raspberry,358,64,453,607
Tea - Black Currant,668,276,101,611
Cookie Dough - Peanut Butter,481,112,362,736
Chives - Fresh,437,62,458,899
Veal - Knuckle,728,337,204,759
Mayonnaise,583,131,310,675
Juice - Orange 1.89l,649,143,180,996
"Lamb - Leg, Bone In",457,163,425,641
Cheese - Brick With Pepper,415,54,117,731
Wine - Tribal Sauvignon,359,142,286,666
Beets - Mini Golden,574,227,268,743
Sprouts - Pea,400,51,436,916
"Beef - Bones, Cut - Up",389,154,281,856
Mushroom - King Eryingii,727,162,440,847
Nestea - Iced Tea,353,121,298,758
Gatorade - Lemon Lime,688,52,376,654
Cookies Cereal Nut,432,176,341,754
"Nut - Walnut, Chopped",725,246,409,707
Wine - Pinot Noir Pond Haddock,747,291,224,695
"Apple - Delicious, Red",506,180,147,620
"Soup - Campbells, Chix Gumbo",381,219,276,614
Fish - Bones,414,246,349,875
Potatoes - Yukon Gold 5 Oz,499,270,246,722
Cocoa Powder - Natural,353,155,359,800
True - Vue Containers,586,58,210,793
Wine - Red Oakridge Merlot,382,337,360,918
Cookies - Englishbay Wht,621,254,281,903
Saskatoon Berries - Frozen,462,201,474,812
Fond - Neutral,712,214,186,945
Lamb - Whole Head Off,539,86,147,707
Crackers Cheez It,367,162,470,818
"Nut - Pecan, Pieces",564,291,112,815
Wine - Wyndham Estate Bin 777,608,177,500,831
Crackers - Melba Toast,554,269,195,949
"C - Plus, Orange",356,131,131,716
Strawberries,692,120,472,931
Flour - All Purpose,398,268,214,874
Rappini - Andy Boy,673,235,491,681
Spice - Peppercorn Melange,535,257,368,986
Pork - Smoked Kassler,655,251,231,963
"Pasta - Penne, Rigate, Dry",534,143,159,784
Sun - Dried Tomatoes,620,330,230,622
Sugar - Invert,711,334,351,903
"Wine - Red, Cooking",439,105,425,668
Beef - Tender Tips,733,192,228,858
Chicken Giblets,426,76,268,970
"Rum - Spiced, Captain Morgan",712,175,274,728
Watercress,736,108,280,809
Cleaner - Lime Away,542,292,224,860
Munchies Honey Sweet Trail Mix,746,286,293,852
Water - Perrier,402,265,147,765
"Lemonade - Natural, 591 Ml",449,127,364,936
"Mushroom - Trumpet, Dry",415,317,251,724
Lemon Balm - Fresh,649,234,483,683
Garbage Bag - Clear,537,226,383,939
Veal Inside - Provimi,620,306,430,684
Shrimp - 31/40,479,61,131,817
Slt - Individual Portions,427,263,201,671
Creme De Banane - Marie,723,272,240,936
Wiberg Super Cure,620,272,138,621
Shichimi Togarashi Peppeers,561,101,204,644
Cranberries - Fresh,677,111,135,684
"Lobster - Baby, Boiled",507,135,312,708
Pan Grease,351,59,326,993
Pork - Inside,383,308,330,785
Bread Base - Goodhearth,645,288,380,841
Chocolate - Semi Sweet,623,188,442,833
Extract - Almond,698,83,130,644
Madeira,456,211,270,643
"Chocolate - Pistoles, Lactee, Milk",508,345,199,811
"Wine - Red, Black Opal Shiraz",691,64,485,654
Maple Syrup,630,83,118,607
The Pop Shoppe - Cream Soda,597,260,442,757
Bread - 10 Grain,359,61,222,636
Tomatillo,732,233,349,758
"Nut - Almond, Blanched, Sliced",692,140,467,684
Dawn Professionl Pot And Pan,475,87,212,662
"Bread - Rolls, Rye",709,270,160,659
"Cup - 6oz, Foam",402,303,118,926
Mussels - Frozen,476,329,455,983
Beer - Tetleys,381,237,260,660
Beans - Kidney White,735,238,347,693
Five Alive Citrus,560,147,499,996
Towel Multifold,352,328,354,719
Cocoa Powder - Dutched,615,73,453,778
Cod - Black Whole Fillet,477,172,431,685
Beer - Labatt Blue,501,59,306,817
Wine - Port Late Bottled Vintage,647,250,282,999
Veal - Heart,719,163,448,751
"Bag - Bread, White, Plain",722,111,486,966
Soup - Boston Clam Chowder,531,265,179,682
Chips Potato Salt Vinegar 43g,745,98,242,781
Stainless Steel Cleaner Vision,602,298,423,966
"Pasta - Fettuccine, Egg, Fresh",503,338,472,923
Praline Paste,712,81,174,660
Nescafe - Frothy French Vanilla,485,154,449,799
Eggplant Italian,568,137,101,813
Wine - Vidal Icewine Magnotta,503,137,164,957
"Pasta - Detalini, White, Fresh",570,178,284,884
Hummus - Spread,694,130,455,656
Sugar Thermometer,401,283,230,881
Wine - Magnotta - Cab Sauv,657,269,451,797
Jameson - Irish Whiskey,716,193,317,929
The Pop Shoppe - Grape,625,140,354,967
Ice Cream - Fudge Bars,545,295,214,611
"Pepper - Black, Ground",721,119,131,866
Mix - Cocktail Strawberry Daiquiri,403,113,326,629
Lid Coffeecup 12oz D9542b,593,220,251,781
Oil - Sesame,688,244,210,659
Table Cloth 54x54 White,357,147,344,803
Filter - Coffee,522,282,368,772
"Rum - Cream, Amarula",436,223,453,609
Brandy Cherry - Mcguinness,687,320,313,806
Extract Vanilla Pure,740,341,405,731
Juice - Ocean Spray Kiwi,464,56,452,648
Cup - Paper 10oz 92959,463,281,233,654
Muffin Mix - Carrot,416,147,381,745
Appetizer - Escargot Puff,647,126,450,830
Yucca,529,309,155,848
Wine - Saint Emilion Calvet,742,152,363,969
"Seedlings - Buckwheat, Organic",588,111,493,827
Yogurt - French Vanilla,476,128,290,726
Croissants Thaw And Serve,528,331,255,950
Energy Drink Red Bull,576,185,418,872
Carbonated Water - Lemon Lime,410,257,373,769
Pastry - Apple Large,567,175,256,724
Bagel - Plain,614,100,301,902
Sultanas,480,119,169,841
Flower - Commercial Spider,475,141,456,752
Tahini Paste,351,68,309,641
Beans - Butter Lrg Lima,631,337,205,845
Cheese - Swiss Sliced,698,319,306,604
Soup - Cream Of Potato / Leek,672,55,274,995
Bread - Italian Roll With Herbs,696,105,494,712
"Tart Shells - Savory, 3",393,311,462,849
Bandage - Fexible 1x3,395,253,153,764
Onions Granulated,745,109,402,966
"Coffee - Beans, Whole",636,302,297,685
Dikon,661,290,159,783
"Pork - Loin, Bone - In",710,321,154,773
Wine - Trimbach Pinot Blanc,457,58,463,844
Chevril,604,349,194,699
Carbonated Water - Blackcherry,691,287,315,829
"Veal - Inside Round / Top, Lean",732,175,237,724
Wine - Chablis J Moreau Et Fils,649,52,167,990
Urban Zen Drinks,603,104,445,788
"Soup - Campbells, Butternut",435,301,127,618
"Soup - Campbells, Minestrone",689,87,106,840
Water Chestnut - Canned,389,203,148,666
"Nut - Chestnuts, Whole",560,201,400,743
"Oil - Food, Lacquer Spray",481,161,339,645
"Tomatoes - Vine Ripe, Red",389,296,465,715
Chocolate Eclairs,422,105,115,872
Otomegusa Dashi Konbu,729,136,292,660
Clam - Cherrystone,730,134,289,941
Shiratamako - Rice Flour,433,70,123,926
Sauce - Chili,736,335,225,626
"Spoon - Soup, Plastic",525,130,189,735
Egg - Salad Premix,523,269,181,648
Potatoes - Mini White 3 Oz,610,176,146,687
Snails - Large Canned,423,258,285,797
Appetizer - Southwestern,583,329,330,942
Pineapple - Golden,674,159,151,978
Veal - Kidney,729,125,427,887
Bread - Flat Bread,536,294,428,762
Arctic Char - Fillets,585,167,312,818
"Shrimp - 16/20, Peeled Deviened",543,74,241,687
Cheese - La Sauvagine,398,207,352,981
Pork Loin Bine - In Frenched,423,347,212,814
Coffee - Irish Cream,620,268,500,658
Flower - Daisies,418,273,448,760
Crackers - Trio,659,53,400,658
Flour - Rye,438,268,499,765
Lettuce - Escarole,417,210,116,896
Beer - Muskoka Cream Ale,554,309,390,942
Cheese - Brie,593,322,209,838
"Ecolab - Orange Frc, Cleaner",707,334,262,949
Slt - Individual Portions,632,122,418,959
Chinese Foods - Chicken,584,313,328,861
Chervil - Fresh,575,96,493,726
Chicken - Whole Fryers,725,260,335,690
Mangostein,527,72,132,614
Oats Large Flake,712,186,379,764
"Oil - Truffle, Black",544,228,170,822
Blue Curacao - Marie Brizard,471,237,134,915
Muffin Carrot - Individual,634,156,364,891
"Crab - Back Fin Meat, Canned",599,101,231,905
Oil - Avocado,611,209,111,705
Soup Campbells Split Pea And Ham,622,186,413,767
Lobak,378,155,103,743
"Star Anise, Whole",611,275,435,788
Beer - Mill St Organic,399,99,337,658
"Asparagus - Green, Fresh",675,179,398,848
Lettuce - Boston Bib - Organic,744,217,448,759
Cake - Mini Cheesecake,631,52,386,646
Bread - Rosemary Focaccia,686,112,448,874
"Yogurt - Raspberry, 175 Gr",512,206,139,879
Bread Base - Goodhearth,428,227,367,731
V8 Pet,737,168,236,642
Macaroons - Homestyle Two Bit,650,193,480,870
Ecolab - Power Fusion,642,329,298,984
"Crab - Blue, Frozen",669,274,181,742
Pastry - Cheese Baked Scones,501,205,408,984
Broom And Broom Rack White,401,280,418,843
"Veal - Chops, Split, Frenched",451,112,415,645
Oil - Coconut,371,254,331,622
Pate - Cognac,549,80,331,790
Wine - Pinot Grigio Collavini,474,165,131,957
Beef - Bresaola,749,316,400,796
"Basil - Primerba, Paste",351,302,455,669
Venison - Striploin,607,73,480,943
Remy Red,692,122,129,868
Wine - Barolo Fontanafredda,477,67,271,881
Straw - Regular,510,193,117,934
Rice - Brown,723,341,183,773
Bread Crumbs - Panko,562,65,307,620
"Cheese - Cheddar, Medium",739,170,471,685
Napkin White - Starched,644,197,408,931
Sauce - Plum,411,117,155,771
"Mushroom - Enoki, Dry",377,114,489,623
"Tomatoes - Diced, Canned",432,315,349,923
Marzipan 50/50,440,279,419,919
Durian Fruit,651,253,319,969
Tea - Black Currant,528,336,410,871
Wine - Pinot Noir Pond Haddock,490,236,326,601
Bread - Hot Dog Buns,714,241,160,879
"Cheese - Manchego, Spanish",725,84,225,1000
Chips - Miss Vickies,518,259,495,818
"Brocolinni - Gaylan, Chinese",578,265,145,820
Wine - Mondavi Coastal Private,647,221,140,907
"Beef - Roasted, Cooked",682,310,386,734
Devonshire Cream,442,190,260,711
Table Cloth 62x114 White,543,108,252,783
"Sparkling Wine - Rose, Freixenet",664,281,482,952
Jello - Assorted,737,158,123,789
Kellogs All Bran Bars,497,92,301,1000
Mustard - Seed,715,66,430,931
Mushroom Morel Fresh,584,156,234,779
Flour - Fast / Rapid,683,149,396,915
Devonshire Cream,478,244,410,736
Beer - Labatt Blue,481,275,370,611
Garbage Bags - Clear,730,252,412,971
Aspic - Clear,528,134,392,679
Hagen Daza - Dk Choocolate,496,215,229,861
Plasticforkblack,607,350,134,806
Longos - Grilled Chicken With,441,289,135,834
Island Oasis - Mango Daiquiri,653,52,168,660
Pork - Suckling Pig,725,256,356,603
Ice Cream - Chocolate,739,230,289,719
"Chestnuts - Whole,canned",435,235,444,882
"Cheese - Manchego, Spanish",481,76,490,958
Green Tea Refresher,681,91,183,623
Wine - Trimbach Pinot Blanc,626,257,118,789
Wine - Chateauneuf Du Pape,436,323,236,713
Mahi Mahi,709,293,394,794
Steampan - Foil,600,128,275,693
"Bread - Pumpernickle, Rounds",655,159,215,743
Quail - Jumbo,429,259,287,906
Beer - Blue,504,329,219,684
"Bread - Pullman, Sliced",591,219,274,807
Zucchini - Yellow,734,77,181,924
"Asparagus - White, Canned",625,247,468,767
"Wine - Red, Gamay Noir",365,328,426,943
Shrimp - Black Tiger 6 - 8,735,231,430,808
Wiberg Cure,443,294,207,629
Scallops 60/80 Iqf,530,77,106,859
Tequila Rose Cream Liquor,622,170,226,986
"Wine - Niagara,vqa Reisling",644,156,100,734
Momiji Oroshi Chili Sauce,506,226,154,966
Cinnamon Buns Sticky,478,181,423,758
"Rum - Dark, Bacardi, Black",365,183,320,958
"Oil - Truffle, Black",524,145,309,733
Oil - Macadamia,473,232,132,987
Bananas,745,281,289,647
"Pork - Back, Short Cut, Boneless",497,123,288,830
"Crush - Grape, 355 Ml",542,197,473,945
Mahi Mahi,746,169,211,993
"Jam - Strawberry, 20 Ml Jar",573,51,180,975
Papayas,641,345,191,644
Wine - Sawmill Creek Autumn,500,205,442,603
Pear - Prickly,397,307,459,861
Truffle Paste,596,257,306,689
Wine - Alsace Riesling Reserve,694,149,429,651
"Flour - Buckwheat, Dark",365,126,308,627
Flower - Dish Garden,603,208,315,820
Wine - Touraine Azay - Le - Rideau,428,154,258,916
Nantucket Apple Juice,740,255,427,869
Sloe Gin - Mcguinness,623,77,255,920
Paper Towel Touchless,601,69,104,775
Table Cloth 81x81 White,674,198,207,906
Hot Chocolate - Individual,621,251,163,628
Kellogs All Bran Bars,527,62,287,988
Beef - Striploin Aa,663,181,390,839
Ice Cream Bar - Hagen Daz,363,119,100,987
Bread Base - Toscano,488,141,435,645
"Nut - Almond, Blanched, Whole",514,118,398,921
Steam Pan Full Lid,592,117,378,805
Lid - 3oz Med Rec,552,211,422,911
Mussels - Cultivated,628,190,330,665
Wine - Conde De Valdemar,698,304,181,844
Pie Filling - Apple,654,332,387,752
Soup - Campbells,414,324,220,791
Cheese Cloth No 100,709,102,426,824
Wine - Sauvignon Blanc Oyster,650,142,186,627
Cream - 10%,644,205,377,722
Oven Mitts - 15 Inch,411,277,498,937
Yeast Dry - Fleischman,608,121,322,658
Bar Mix - Lemon,475,56,347,869
Wine - Pinot Noir Pond Haddock,517,196,149,830
Sugar - Palm,676,122,306,986
Alize Gold Passion,390,74,383,885
Samosa - Veg,630,178,332,993
Wine - Zonnebloem Pinotage,653,131,482,911
External Supplier,442,118,203,880
Wine - Two Oceans Cabernet,449,193,423,805
Banana Turning,589,270,173,730
Bag - Regular Kraft 20 Lb,412,270,283,930
Scotch - Queen Anne,416,264,496,787
"Chocolate - Semi Sweet, Calets",399,56,268,773
"Sauce - Apple, Unsweetened",687,89,395,923
Chips - Potato Jalapeno,519,178,394,666
Wine - Cava Aria Estate Brut,613,146,142,999
Bandage - Flexible Neon,720,244,419,774
Sprouts - Peppercress,735,320,374,787
Milk - Chocolate 500ml,538,209,107,640
Tamarind Paste,547,234,269,791
Sausage - Liver,612,273,233,713
Cattail Hearts,417,134,440,728
Pork - Ground,664,325,431,650
Pickle - Dill,750,208,110,650
Bread - Calabrese Baguette,686,194,227,653
Ice Cream Bar - Rolo Cone,495,111,139,633
Wine - White Cab Sauv.on,555,181,143,824
Schnappes Peppermint - Walker,525,100,288,880
"Orange - Canned, Mandarin",411,182,172,817
Pastry - Trippleberry Muffin - Mini,434,85,221,733
Fib N9 - Prague Powder,622,276,300,672
Basil - Fresh,399,230,144,701
Tuna - Sushi Grade,469,331,497,904
Table Cloth 54x54 Colour,664,182,421,820
Marzipan 50/50,697,339,138,711
"Wine - White, Antinore Orvieto",562,116,319,742
Chutney Sauce,610,69,249,754
Mushroom - Chanterelle Frozen,710,63,324,647
Bread - Multigrain Oval,471,144,363,628
Wine - Alsace Riesling Reserve,437,246,349,658
Sugar - Individual Portions,364,238,248,694
Wine - Cava Aria Estate Brut,523,72,160,806
Longos - Cheese Tortellini,646,315,183,960
Yogurt - Plain,718,332,211,810
"Mustard - Dry, Powder",474,56,246,807
Long Island Ice Tea,654,344,212,677
Beans - Green,644,80,436,702
Chick Peas - Dried,429,157,290,943
Milk - 2%,715,202,230,770
"Lamb - Leg, Diced",489,153,240,816
Wine - Periguita Fonseca,386,335,428,884
Vegetable - Base,375,96,465,795
The Pop Shoppe - Root Beer,711,168,177,777
Raspberries - Fresh,398,191,430,630
"Chocolate - Milk, Callets",514,202,224,785
"Pork - Loin, Boneless",491,155,334,833
Pastry - Carrot Muffin - Mini,579,136,197,689
Wine - Duboeuf Beaujolais,484,181,265,840
Bagel - Everything Presliced,616,250,294,807
V8 Splash Strawberry Kiwi,669,233,436,611
Pork - Inside,642,233,471,797
Sansho Powder,543,256,264,896
Snapple - Mango Maddness,612,306,414,802
"Noodles - Cellophane, Thin",572,259,331,871
French Pastries,694,254,149,805
Sauce - Ranch Dressing,444,131,408,848
Wine - Cava Aria Estate Brut,482,302,478,974
Soup - Campbells Mac N Cheese,616,263,253,853
Tomatoes Tear Drop Yellow,481,261,429,827
"Soup - Campbells, Lentil",487,251,117,671
Tomato Paste,655,76,407,762
Pepper - Chili Powder,526,321,427,844
V8 Splash Strawberry Banana,613,92,318,790
Rambutan,460,209,120,628
Venison - Liver,680,83,462,697
"Pasta - Gnocchi, Potato",631,132,167,619
Napkin - Beverage 1 Ply,634,149,179,719
"Bread - Pumpernickle, Rounds",489,192,363,771
"Cheese - Manchego, Spanish",456,190,463,631
Spice - Montreal Steak Spice,739,232,473,807
Raspberries - Fresh,376,276,193,753
Strawberries,740,62,117,701
"Pail - 4l White, With Handle",733,312,140,987
"Beef - Roasted, Cooked",749,178,426,881
Dried Peach,363,272,322,989
"Artichoke - Hearts, Canned",694,146,445,936
Appetiser - Bought,431,196,122,882
Wine - Shiraz Wolf Blass Premium,481,204,341,836
Bread - Raisin,668,93,418,696
Wine - Sauvignon Blanc Oyster,555,157,136,844
Wine - Chianti Classico Riserva,445,291,440,690
Juice - V8 Splash,640,322,165,740
"Napkin - Cocktail,beige 2 - Ply",636,85,113,926
Chicken Breast Wing On,433,207,395,628
Cornstarch,570,89,446,747
"Seedlings - Mix, Organic",551,311,306,961
Frangelico,481,256,124,998
"Artichoke - Bottom, Canned",455,79,406,850
Sole - Iqf,635,317,405,654
Nantucket Apple Juice,560,345,324,769
Beer - Maudite,667,250,312,665
Shark - Loin,465,131,372,767
"Plate - Foam, Bread And Butter",368,73,203,853
Island Oasis - Magarita Mix,476,108,286,879
Beef - Short Loin,631,183,327,922
Cornish Hen,690,341,120,971
Dried Figs,732,127,156,749
Wine - Rubyport,692,116,101,632
"Marjoram - Dried, Rubbed",388,211,468,781
Cardamon Ground,545,59,421,632
Beef - Top Butt,705,191,450,961
Sunflower Seed Raw,472,112,222,814
Cheese - Ermite Bleu,657,124,294,832
Chinese Foods - Cantonese,462,295,129,835
Jameson Irish Whiskey,432,121,382,884
Lid Tray - 16in Dome,449,339,275,829
Extract - Lemon,630,166,230,827
Lobster - Tail 6 Oz,720,244,181,826
Sherbet - Raspberry,612,339,120,640
"Juice - V8, Tomato",687,337,317,659
Danishes - Mini Cheese,423,124,424,797
Sugar - Brown,365,61,282,700
Rice - Basmati,469,89,344,732
Broom And Brush Rack Black,659,232,466,645
Wine - Remy Pannier Rose,398,150,487,958
Beer - Upper Canada Light,617,78,110,929
Vanilla Beans,562,132,248,972
Pork - Bones,616,236,350,903
V8 - Vegetable Cocktail,365,178,451,831
Tea - English Breakfast,627,278,348,938
Chinese Foods - Cantonese,704,338,459,870
Oil - Sunflower,439,276,249,977
Carbonated Water - Orange,724,169,391,635
"Beef - Kindney, Whole",583,124,180,717
Slt - Individual Portions,433,341,261,686
"Tart Shells - Savory, 4",553,312,321,887
"Mushroom - Trumpet, Dry",646,165,325,993
Durian Fruit,481,249,257,616
Tea - Earl Grey,586,328,183,744
Beef - Striploin Aa,709,232,174,742
"Pepper - Chipotle, Canned",623,123,294,854
Cloves - Ground,559,74,411,700
Wine - Guy Sage Touraine,502,349,476,671
Onions - Green,724,241,142,694
Anisette - Mcguiness,650,116,383,743
Tilapia - Fillets,460,215,469,666
Juice Peach Nectar,441,268,136,905
"Bread - Roll, Whole Wheat",455,266,266,606
Remy Red Berry Infusion,683,77,493,915
Soup - French Onion,645,214,429,611
The Pop Shoppe Pinapple,684,250,126,651
Mix - Cocktail Ice Cream,650,295,308,709
Pears - Bosc,372,134,455,962
Bread - Bistro Sour,439,269,185,843
"Chilli Paste, Ginger Garlic",664,256,107,954
"Rum - Light, Captain Morgan",426,306,189,739
"Pasta - Fusili, Dry",356,211,131,791
Butter - Salted,398,175,338,864
"Syrup - Monin, Irish Cream",683,224,320,712
The Pop Shoppe - Cream Soda,633,214,269,753
Table Cloth 62x114 Colour,650,167,322,927
Vinegar - White Wine,559,209,465,969
Broccoli - Fresh,395,100,150,931
Carbonated Water - Wildberry,433,166,477,747
Truffle Cups - White Paper,464,176,300,971
"Cheese - Mozzarella, Shredded",516,92,134,754
Dried Cranberries,661,271,127,608
Swiss Chard - Red,611,348,234,768
"Gin - Gilbeys London, Dry",584,63,289,601
Ice Cream - Super Sandwich,354,287,206,948
Cream Of Tartar,651,300,226,685
"Oil - Shortening,liqud, Fry",730,316,244,931
Crackers Cheez It,669,151,160,896
Cinnamon - Stick,654,221,420,916
Ham - Procutinni,688,198,257,619
Raspberries - Frozen,712,289,352,830
"Shrimp - 16 - 20 Cooked, Peeled",719,221,456,898
Foil - Round Foil,694,106,450,651
Oil - Sesame,554,192,161,842
Cabbage - Savoy,496,173,232,606
Wine - Black Tower Qr,427,98,198,907
Pineapple - Golden,696,173,208,794
"Beans - Long, Chinese",744,169,344,649
Cheese - Swiss,384,247,123,668
Coffee - Frthy Coffee Crisp,660,333,282,691
Plastic Arrow Stir Stick,539,191,356,826
"Sauce - Bernaise, Mix",641,337,155,929
Beer - Paulaner Hefeweisse,681,231,475,794
Pastry - Key Limepoppy Seed Tea,605,139,128,844
Scrubbie - Scotchbrite Hand Pad,619,253,153,991
Truffle - Peelings,657,137,305,907
Wine - Cotes Du Rhone,628,287,279,905
Cheese - Camembert,353,349,353,779
Bread - Assorted Rolls,625,288,182,975
Lettuce - Lolla Rosa,443,209,480,818
Samosa - Veg,406,73,103,702
Gherkin - Sour,448,75,492,806
Crab - Imitation Flakes,686,307,188,998
White Fish - Filets,664,242,436,821
"Soup - Campbells, Cream Of",672,258,408,821
Ham Black Forest,610,216,228,689
Bacardi Breezer - Strawberry,681,211,248,621
Assorted Desserts,580,200,294,905
Flour - Rye,578,308,323,993
Tomatoes - Yellow Hot House,543,296,308,963
Broom - Angled,396,273,432,999
Pastry - Choclate Baked,722,207,257,611
Lobster - Tail 6 Oz,388,134,254,866
Cookie Trail Mix,400,241,292,670
Pepper - Pablano,536,239,235,767
Peas Snow,693,91,390,668
Milk - 2%,608,164,484,610
Wine - Cave Springs Dry Riesling,680,306,290,809
Steam Pan Full Lid,391,232,259,811
"Coffee - Colombian, Portioned",594,120,272,767
Wiberg Cure,503,60,411,671
Wine - Barossa Valley Estate,652,246,318,723
"Nut - Hazelnut, Whole",407,137,128,662
Cheese - Wine,427,150,341,645
Compound - Strawberry,537,132,427,978
Sambuca - Ramazzotti,425,166,357,956
Salt - Seasoned,734,145,259,695
"Mushroom - Enoki, Fresh",593,230,110,986
Shrimp - Black Tiger 6 - 8,533,238,499,888
Sandwich Wrap,485,110,108,631
Puree - Passion Fruit,555,147,299,968
Hot Choc Vending,583,266,323,690
Kolrabi,440,348,450,855
Wine - Soave Folonari,491,324,156,807
Cup Translucent 9 Oz,463,212,436,871
Wine - Valpolicella Masi,668,315,219,601
Wine - Niagara Peninsula Vqa,437,138,266,747
"Soup - Knorr, Veg / Beef",721,148,148,836
Olive - Spread Tapenade,741,208,353,661
French Pastries,426,184,254,750
Flower - Dish Garden,561,58,190,719
Buffalo - Striploin,545,216,487,662
"Tart Shells - Sweet, 2",393,184,388,972
Pails With Lids,664,87,301,810
Daikon Radish,433,104,367,744
Gatorade - Lemon Lime,466,141,166,834
Beans - Soya Bean,546,273,246,852
Carroway Seed,665,324,276,734
Pepperoni Slices,452,104,123,601
Fib N9 - Prague Powder,528,323,248,883
Crackers - Soda / Saltins,477,238,324,922
Magnotta - Bel Paese White,613,239,491,818
"Clams - Littleneck, Whole",456,110,316,908
Snails - Large Canned,473,134,201,863
V8 Pet,656,265,328,936
Scallops - U - 10,636,227,409,605
"Bread - Bagels, Plain",382,336,236,617
Iced Tea Concentrate,606,134,430,951
"Bread - White, Sliced",674,105,322,636
Calypso - Strawberry Lemonade,407,143,186,948
Beef - Top Sirloin,572,341,412,903
Bay Leaf Fresh,700,101,278,636
"Lamb - Whole Head Off,nz",748,326,242,663
Wine - Ice Wine,746,67,372,611
Snapple Lemon Tea,492,159,409,632
Sauce - Hoisin,576,152,112,760
"Loaf Pan - 2 Lb, Foil",522,322,192,902
"Apple - Delicious, Golden",350,53,415,935
Snapple Raspberry Tea,403,323,220,790
Cake - Miini Cheesecake Cherry,653,277,321,863
Apples - Sliced / Wedge,607,136,409,863
"Pork - Tenderloin, Frozen",466,181,323,893
Wine - Cotes Du Rhone,601,145,193,740
Wine - Touraine Azay - Le - Rideau,496,201,336,975
Langers - Cranberry Cocktail,495,114,497,676
Bread - Flat Bread,749,274,489,869
Mix Pina Colada,534,275,349,620
Venison - Denver Leg Boneless,365,208,381,966
V8 - Tropical Blend,695,235,187,734
Juice - Lagoon Mango,548,287,465,952
"Salmon - Smoked, Sliced",675,337,325,866
Soup - Verve - Chipotle Chicken,393,301,389,795
"Pesto - Primerba, Paste",471,61,224,970
Pasta - Fusili Tri - Coloured,507,82,328,713
Potatoes - Idaho 80 Count,661,111,161,610
Rice - Jasmine Sented,589,256,414,622
Salmon - Fillets,493,135,405,938
Wine - Champagne Brut Veuve,581,90,297,630
Beef - Tender Tips,578,103,375,703
Salmon Steak - Cohoe 8 Oz,625,318,482,735
Creme De Cacao Mcguines,656,61,161,729
Coffee - French Vanilla Frothy,731,301,325,617
"Pork - Loin, Bone - In",672,266,168,763
Cotton Wet Mop 16 Oz,733,213,347,602
Baking Powder,481,223,255,868
"Chicken - Wings, Tip Off",749,72,321,638
"Wine - Red, Wolf Blass, Yellow",713,337,461,603
Wine - Domaine Boyar Royal,626,76,113,815
"Lentils - Green, Dry",691,199,347,710
Beer - Paulaner Hefeweisse,583,92,211,601
Sauce - Oyster,366,256,131,668
Wine - Ruffino Chianti,705,119,163,824
Coffee - Cafe Moreno,667,325,404,902
Table Cloth 90x90 White,502,145,355,888
Broom Handle,375,238,142,933
Saskatoon Berries - Frozen,438,136,288,653
Table Cloth 81x81 White,523,282,322,680
Pears - Bartlett,669,183,379,777
"Beef - Cooked, Corned",501,307,441,832
Cinnamon Buns Sticky,726,94,499,744
Soup - Cream Of Broccoli,724,303,427,749
"Lemonade - Island Tea, 591 Ml",695,186,179,782
Wine - Barbera Alba Doc 2001,378,72,425,984
Coffee - Irish Cream,463,333,330,867
Mushrooms - Honey,529,319,450,922
Beef - Rib Eye Aaa,680,161,144,833
Pepsi - 600ml,650,284,332,633
Everfresh Products,474,302,153,919
Wine - Shiraz Wolf Blass Premium,641,290,176,846
Cheese Cloth No 100,501,229,421,877
"Soup - Campbells, Lentil",694,66,336,626
"Pepper - Black, Crushed",541,333,500,824
Muffin Hinge 117n,564,221,119,839
Monkfish - Fresh,369,153,276,950
Salt - Celery,556,341,114,891
Lemonade - Pineapple Passion,485,61,134,784
Snapple Lemon Tea,621,208,106,816
Oil - Macadamia,671,175,367,644
Cheese - Comtomme,504,345,403,964
Melon - Watermelon Yellow,570,52,176,829
"Leeks - Baby, White",416,79,279,762
Container - Hngd Cll Blk 7x7x3,468,286,224,913
Grapefruit - Pink,618,297,384,747
Beef - Rib Eye Aaa,571,217,382,840
Sobe - Orange Carrot,367,146,345,693
Ocean Spray - Ruby Red,569,328,496,661
Eggs - Extra Large,726,336,220,717
Cloves - Whole,357,255,387,910
French Kiss Vanilla,571,166,155,657
Plate Pie Foil,440,120,390,689
Coffee Cup 16oz Foam,712,298,151,640
Island Oasis - Banana Daiquiri,433,286,129,689
"Yeast - Fresh, Fleischman",468,314,281,661
Pepperoni Slices,351,258,142,775
Pastry - Cheese Baked Scones,608,308,336,748
Veal - Striploin,453,101,425,893
Puree - Strawberry,659,176,108,808
"Lemonade - Island Tea, 591 Ml",454,288,305,714
Sole - Fillet,676,242,295,635
Lemon Balm - Fresh,456,247,445,971
White Fish - Filets,674,189,342,749
Tea - Herbal - 6 Asst,642,348,226,958
Flounder - Fresh,660,63,249,921
Chinese Foods - Plain Fried Rice,428,245,140,840
Beef - Prime Rib Aaa,381,132,314,927
"Chicken - Diced, Cooked",750,188,280,945
Egg - Salad Premix,401,74,283,734
Chicken - Leg / Back Attach,737,318,166,726
Cup - 8oz Coffee Perforated,354,247,368,648
Wine - Baron De Rothschild,694,283,282,798
Tuna - Bluefin,523,193,433,703
Crackers - Soda / Saltins,480,63,289,918
Cheese Cloth,617,330,198,838
Banana - Leaves,571,147,122,739
Oil - Sesame,628,154,216,808
"Artichoke - Bottom, Canned",350,86,207,744
"Cheese - Havarti, Salsa",547,333,462,636
Mix - Cocktail Strawberry Daiquiri,543,201,490,820
"Vodka - Lemon, Absolut",436,305,388,940
Strawberries - California,458,311,346,905
Pear - Packum,712,168,129,711
"Pasta - Detalini, White, Fresh",474,342,400,723
Broom - Corn,428,63,211,946
Chocolate Liqueur - Godet White,552,62,124,699
"Flour - Corn, Fine",354,321,215,622
"Water - Mineral, Natural",733,296,175,622
Island Oasis - Lemonade,730,197,309,793
Wine - White Cab Sauv.on,595,61,281,971
Creme De Cacao Mcguines,670,223,194,631
Bread - Assorted Rolls,670,208,258,973
Sherbet - Raspberry,615,286,115,771
Fond - Chocolate,743,244,363,800
Garam Masala Powder,652,338,228,980
"Crab - Claws, Snow 16 - 24",469,106,366,635
"Beef - Bones, Cut - Up",517,89,424,652
Shrimp - Prawn,649,159,363,890
Tomato - Tricolor Cherry,693,172,463,605
Sausage - Chorizo,587,88,324,659
Soup Campbells,409,117,327,695
Chicken - White Meat With Tender,601,94,190,696
Mustard - Dijon,537,80,390,681
Vaccum Bag - 14x20,433,335,301,972
Kellogs Special K Cereal,637,236,244,953
Cheese Cloth,743,176,454,906
"Melon - Watermelon, Seedless",370,61,298,602
Juice - Orange 1.89l,493,336,174,723
Saskatoon Berries - Frozen,445,186,387,789
The Pop Shoppe Pinapple,645,170,261,675
The Pop Shoppe - Root Beer,615,223,252,955
"Cheese - Woolwich Goat, Log",750,58,491,974
Capers - Pickled,718,65,138,841
Soup - Chicken And Wild Rice,391,340,227,881
Miso Paste White,747,310,307,872
Oil - Sunflower,428,296,371,885
Napkin White,631,85,107,829
Tea - Lemon Green Tea,530,252,372,874
Horseradish Root,455,125,299,939
Pastry - Raisin Muffin - Mini,446,323,442,845
"Wine - White, Cooking",638,350,135,741
"Pasta - Cannelloni, Sheets, Fresh",703,199,362,732
"Cheese - Cheddar, Old White",546,325,352,793
Truffle Paste,512,174,319,656
Chips Potato Reg 43g,635,145,420,625
"Salmon - Atlantic, Skin On",549,261,311,850
Syrup - Pancake,610,190,117,687
Wine - Chablis J Moreau Et Fils,584,188,348,933
Pears - Bosc,381,235,195,730
Lettuce - Radicchio,728,184,398,869
Cheese - Colby,621,303,251,727
Table Cloth 90x90 Colour,722,317,367,968
"Cheese - Mozzarella, Shredded",424,69,412,672
Vinegar - White,663,139,399,739
Arizona - Green Tea,718,95,380,980
"Beef - Bones, Cut - Up",722,127,144,872
Pasta - Cheese / Spinach Bauletti,639,262,462,835
Sprouts - Pea,673,194,221,976
Pork - Smoked Back Bacon,705,284,275,690
Foil Wrap,683,329,475,802
Orange Roughy 6/8 Oz,574,120,149,713
"Oregano - Dry, Rubbed",636,109,490,705
Pork - Smoked Back Bacon,375,322,132,759
Lumpfish Black,728,135,426,859
"Wine - Red, Pinot Noir, Chateau",360,307,280,918
Sobe - Lizard Fuel,355,292,153,715
Pork - European Side Bacon,454,328,454,729
Godiva White Chocolate,572,154,119,988
Grenadine,642,152,223,982
Tomatoes - Roma,468,222,224,878
Jerusalem Artichoke,745,87,459,921
Cup Translucent 9 Oz,373,172,392,981
Wine - Kwv Chenin Blanc South,677,269,179,850
Spinach - Baby,557,285,329,885
Bacardi Raspberry,620,255,193,867
Pepper - Chili Powder,681,95,295,695
Quinoa,435,88,273,855
Sausage - Blood Pudding,731,176,269,786
Radish - Pickled,510,195,345,671
Sauerkraut,388,176,402,952
"Tomatoes - Plum, Canned",521,177,139,774
"Lemonade - Island Tea, 591 Ml",590,337,420,818
Onions - Spanish,450,99,280,647
Chocolate - Liqueur Cups With Foil,451,231,138,853
Cleaner - Bleach,710,82,132,601
Mustard - Pommery,590,171,326,846
Soupfoamcont12oz 112con,530,272,157,600
"Ranchero - Primerba, Paste",424,336,110,758
Steampan Lid,369,348,181,812
Pastry - Key Limepoppy Seed Tea,746,340,453,773
Trout Rainbow Whole,746,291,339,705
Sambuca - Ramazzotti,360,135,266,767
Broccoli - Fresh,457,68,469,846
Country Roll,484,187,216,772
"Beef - Ground, Extra Lean, Fresh",410,263,141,908
Wine - Chateau Aqueria Tavel,393,167,101,736
Rambutan,719,138,186,800
Cheese - Roquefort Pappillon,371,60,431,752
Island Oasis - Lemonade,502,166,244,925
Longos - Assorted Sandwich,522,129,348,957
"Juice - V8, Tomato",432,320,240,984
Wine - Ice Wine,708,303,309,602
The Pop Shoppe - Grape,409,317,343,705
Asparagus - Frozen,404,321,266,923
Ecolab - Hand Soap Form Antibac,692,204,276,761
Chips - Potato Jalapeno,363,146,397,840
Honey - Comb,465,210,205,675
Danishes - Mini Cheese,527,320,386,923
Parsley Italian - Fresh,685,142,229,662
Tray - 16in Rnd Blk,425,123,459,865
"Bread - Rolls, Corn",376,340,291,906
Oil - Grapeseed Oil,650,218,391,813
Bread Crumbs - Panko,480,128,256,612
Veal - Osso Bucco,544,268,411,976
"Crab - Blue, Frozen",350,319,423,703
Beer - Sleemans Honey Brown,606,73,297,715
"Crab - Back Fin Meat, Canned",416,276,395,848
Cranberry Foccacia,628,196,208,930
"Brandy - Orange, Mc Guiness",379,103,420,783
"Pasta - Lasagna Noodle, Frozen",717,190,313,760
Table Cloth 53x69 White,426,317,418,766
Hold Up Tool Storage Rack,355,252,291,733
Bread Base - Goodhearth,431,110,311,626
Appetizer - Escargot Puff,572,132,258,756
"Beef - Tongue, Cooked",516,269,460,752
Wine - Puligny Montrachet A.,397,251,465,912
"Wine - Red, Cabernet Sauvignon",651,90,173,890
Cleaner - Comet,581,82,334,766
Bread - Focaccia Quarter,501,110,360,995
Cheese - Cambozola,700,219,406,800
Peas Snow,352,244,289,607
Bread - Wheat Baguette,653,249,165,661
Bread - Onion Focaccia,479,164,403,665
"Chicken - Leg, Boneless",443,203,209,745
Oneshot Automatic Soap System,626,156,224,744
Appetizer - Asian Shrimp Roll,543,337,164,661
Wonton Wrappers,450,261,412,676
Pike - Frozen Fillet,597,260,258,982
General Purpose Trigger,625,124,219,825
Cheese - Wine,483,350,158,831
Juice - Apple Cider,669,312,347,871
Bar Mix - Lime,350,332,210,863
Magnotta Bel Paese Red,401,195,376,819
Pie Shell - 5,532,144,178,786
Muffin Mix - Carrot,663,81,296,953
Greens Mustard,694,325,348,729
Swordfish Loin Portions,545,317,367,671
Lid Tray - 12in Dome,425,263,259,717
Rabbit - Legs,528,90,157,836
Bag - Regular Kraft 20 Lb,432,312,408,984
